Workbook
Name Kode_jawaban: DF!$C$45
Name sayajo: DF!$C$40

Sheet XL-Test
A1: Intruksi
B3: Medium Level - Latihan Soal Excel Admin Tiket Bioskop LXIX | J3: Stuktur Kode Tiket
J4: ST-PB-NK-JK-JL
B5: Soal : | C5: Gunakan Fungsi Excel (Function) untuk menyelsaikan kasus dibawah ini, tidak disarankan menggunakan cara manual
B6: 1 | C6: Isi kolom Studio berdasarkan kode tiket, Jika S1 maka "Studio 1" jika S2 maka "Studio 2" dst. | J6: Bagian | K6: Arti | L6: Contoh
B7: 2 | C7: Berapa Durasi (Menit) dari Film, hitung durasi dari kolom Jam Tayang | J7: ST | K7: Studio | L7: S1
B8: 3 | C8: Isi kolom Jenis Kursi sesuai Table Jenis Kursi di Kode Tiket | J8: PB | K8: Platform Beli | L8: T
B9: 4 | C9: Isi Nomor Kursi berdasarkan Nomor kursi di kode Tiket (lihat Peta) | J9: NK | K9: Nomor Kursi | L9: 1A
C10: A baris pertama 1A berarti nomor 1, 2B berarti urutan 2 dibaris 2 berarti Nomor kursi 12 | J10: JK | K10: Jenis Kursi | L10: V
B11: 5 | C11: Isi kolom Jalur dengan "Kiri" atau "Kanan" jika nomor dibawah nilai 6 berarti kanan (lihat peta) | J11: JL | K11: Jumlah Tiket | L11: LXXVIII
B12: 6 | C12: Isi kolom Harga Tiket berdasarkan Jam Tayang Pada Table Jam Tayang (hati-hati kadang telat)
B13: 7 | C13: isi Jumlah Tiket berdasarkan kode Jumlah Tiket di kode Tiket
C14: Jumlah tiket harus ditulis dalam bentuk Number Arabic | J14: Jam Tayang | K14: Harga Tiket
B15: 8 | C15: Nilai Promo diisi sesuai dengan Jenis Kursi pada Table kode kursi | J15: 0.5 | K15: 35000
B16: 9 | C16: Kolom Total Bayar diisi dengan Harga Tiket dikali Jumlah Tiket dikurangi Promo | J16: 0.58333333 | K16: 37000
B17: 10 | C17: Platform beli diisi dari kode Tiket. Jika M = M-tix, Jika C = CGV Apps , Jika T = Tunai | J17: 0.66666667 | K17: 34000
J18: 0.75 | K18: 45000
C19: Kode Kursi | D19: R | E19: C | F19: V | J19: 0.875 | K19: 55000
C20: Jenis Kursi | D20: Reguler | E20: Couple | F20: VIP
C21: Promo | D21: 0.02 | E21: 0.08 | F21: 0.12
B26: Penjualan Tiket Bioskop LXIX
D30: 1 | F30: 2 | G30: 3 | H30: 4 | I30: 5 | J30: 6 | K30: 7 | L30: 8 | M30: 9 | N30: 10
A31: No | B31: Kode Tiket | C31: Nama Film | D31: Studio | E31: Jam Tayang | F31: Durasi (Menit) | G31: Jenis Kursi | H31: Nomor Kusi | I31: Jalur | J31: Harga Tiket | K31: Jumlah Tiket | L31: Promo (%) | M31: Total Bayar | N31: Platform Beli
A32: Contoh | B32: S1-M-1A-R-CVII | C32: Avengers: Endgame | D32: Studio 1 | E32: 12:00-13:25 | F32: 85 | G32: Reguler | H32: 1 | I32: Kanan | J32: 35000 | K32: 107 | L32: 0.02 | M32: 3670100 | N32: M-tix
A34: No | B34: Kode Tiket | C34: Nama Film | D34: Studio | E34: Jam Tayang | F34: Durasi (Menit) | G34: Jenis Kursi | H34: Nomor Kursi | I34: Jalur | J34: Harga Tiket | K34: Jumlah Tiket | L34: Promo(%) | M34: Total Bayar | N34: Platform Beli
A35: 1 | B35: S1-M-1F-V-CV | C35: Spider-Man: No Way Home | D35: =IF(LEFT(B35,2)="S1","Studio 1", IF(LEFT(B35,2)="S2","Studio 2", IF(LEFT(B35,2)="S3","Studio 3", IF(LEFT(B35,2)="S4","Studio 4","")))) -> Studio 1 | E35: 14:05-16:10 | F35: =(TIMEVALUE(MID(E35,FIND("-",E35)+1,5)) - TIMEVALUE(LEFT(E35,5)))*1440 -> 125 | G35: =IF(MID(B35,FIND("-",B35,FIND("-",B35,4)+1)+1,1)="R","Reguler", IF(MID(B35,FIND("-",B35,FIND("-",B35,4)+1)+1,1)="C","Couple", IF(MID(B35,FIND("-",B35,FIND("-",B35,4)+1)+1,1)="V","VIP",""))) -> VIP | H35: =VALUE(LEFT(_xlfn.TEXTBEFORE(_xlfn.TEXTAFTER(B35,"-",2),"-"),LEN(_xlfn.TEXTBEFORE(_xlfn.TEXTAFTER(B35,"-",2),"-"))-1)) -> 1 | I35: =IF(H35<=5,"Kanan","Kiri") -> Kanan | J35: =VLOOKUP(TIMEVALUE(LEFT(E35,5)),$J$14:$K$19,2,TRUE) -> 37000 | K35: =_xlfn.LET( _xlpm.r,_xlfn.TEXTAFTER(B35,"-",4), _xlpm.s,SUBSTITUTE(SUBSTITUTE(SUBSTITUTE(SUBSTITUTE(SUBSTITUTE(SUBSTITUTE(SUBSTITUTE(_xlpm.r,"CM","DCCCC"),"CD","CCCC"),"XC","LXXXX"),"XL","XXXX"),"IX","VIIII"),"IV","IIII"),"M","DD"), LEN(_xlpm.s)-LEN(SUBSTITUTE(_xlpm.s,"I",""))+ 5*(LEN(_xlpm.s)-LEN(SUBSTITUTE(_xlpm.s,"V","")))+ 10*(LEN(_xlpm.s)-LEN(SUBSTITUTE(_xlpm.s,"X","")))+ 50*(LEN(_xlpm.s)-LEN(SUBSTITUTE(_xlpm.s,"L","")))+ 100*(LEN(_xlpm.s)-LEN(SUBSTITUTE(_xlpm.s,"C","")))+ 500*(LEN(_xlpm.s)-LEN(SUBSTITUTE(_xlpm.s,"D",""))) ) -> 105 | L35: {=_xlfn.IFS( G35="Reguler",0.02, G35="Couple",0.08, G35="VIP",0.12, TRUE,0 )} -> 0.12 | M35: =J35*K35-(J35*K35*L35) -> 3418800 | N35: =IF(MID(B35,4,1)="M","M-tix", IF(MID(B35,4,1)="C","CGV Apps", IF(MID(B35,4,1)="T","Tunai",""))) -> M-tix
A36: 2 | B36: S2-C-2B-R-LVIII | C36: Avatar: The Way of Water | D36: =IF(LEFT(B36,2)="S1","Studio 1", IF(LEFT(B36,2)="S2","Studio 2", IF(LEFT(B36,2)="S3","Studio 3", IF(LEFT(B36,2)="S4","Studio 4","")))) -> Studio 2 | E36: 16:00-16:59 | F36: =(TIMEVALUE(MID(E36,FIND("-",E36)+1,5)) - TIMEVALUE(LEFT(E36,5)))*1440 -> 59 | G36: =IF(MID(B36,FIND("-",B36,FIND("-",B36,4)+1)+1,1)="R","Reguler", IF(MID(B36,FIND("-",B36,FIND("-",B36,4)+1)+1,1)="C","Couple", IF(MID(B36,FIND("-",B36,FIND("-",B36,4)+1)+1,1)="V","VIP",""))) -> Reguler | H36: =VALUE(LEFT(_xlfn.TEXTBEFORE(_xlfn.TEXTAFTER(B36,"-",2),"-"),LEN(_xlfn.TEXTBEFORE(_xlfn.TEXTAFTER(B36,"-",2),"-"))-1)) -> 2 | I36: =IF(H36<=5,"Kanan","Kiri") -> Kanan | J36: =VLOOKUP(TIMEVALUE(LEFT(E36,5)),$J$14:$K$19,2,TRUE) -> 34000 | K36: =_xlfn.LET( _xlpm.r,_xlfn.TEXTAFTER(B36,"-",4), _xlpm.s,SUBSTITUTE(SUBSTITUTE(SUBSTITUTE(SUBSTITUTE(SUBSTITUTE(SUBSTITUTE(SUBSTITUTE(_xlpm.r,"CM","DCCCC"),"CD","CCCC"),"XC","LXXXX"),"XL","XXXX"),"IX","VIIII"),"IV","IIII"),"M","DD"), LEN(_xlpm.s)-LEN(SUBSTITUTE(_xlpm.s,"I",""))+ 5*(LEN(_xlpm.s)-LEN(SUBSTITUTE(_xlpm.s,"V","")))+ 10*(LEN(_xlpm.s)-LEN(SUBSTITUTE(_xlpm.s,"X","")))+ 50*(LEN(_xlpm.s)-LEN(SUBSTITUTE(_xlpm.s,"L","")))+ 100*(LEN(_xlpm.s)-LEN(SUBSTITUTE(_xlpm.s,"C","")))+ 500*(LEN(_xlpm.s)-LEN(SUBSTITUTE(_xlpm.s,"D",""))) ) -> 58 | L36: {=_xlfn.IFS( G36="Reguler",0.02, G36="Couple",0.08, G36="VIP",0.12, TRUE,0 )} -> 0.02 | M36: =J36*K36-(J36*K36*L36) -> 1932560 | N36: =IF(MID(B36,4,1)="M","M-tix", IF(MID(B36,4,1)="C","CGV Apps", IF(MID(B36,4,1)="T","Tunai",""))) -> CGV Apps
A37: 3 | B37: S2-T-7E-C-XCVI | C37: The Batman | D37: =IF(LEFT(B37,2)="S1","Studio 1", IF(LEFT(B37,2)="S2","Studio 2", IF(LEFT(B37,2)="S3","Studio 3", IF(LEFT(B37,2)="S4","Studio 4","")))) -> Studio 2 | E37: 16:00-17:15 | F37: =(TIMEVALUE(MID(E37,FIND("-",E37)+1,5)) - TIMEVALUE(LEFT(E37,5)))*1440 -> 75 | G37: =IF(MID(B37,FIND("-",B37,FIND("-",B37,4)+1)+1,1)="R","Reguler", IF(MID(B37,FIND("-",B37,FIND("-",B37,4)+1)+1,1)="C","Couple", IF(MID(B37,FIND("-",B37,FIND("-",B37,4)+1)+1,1)="V","VIP",""))) -> Couple | H37: =VALUE(LEFT(_xlfn.TEXTBEFORE(_xlfn.TEXTAFTER(B37,"-",2),"-"),LEN(_xlfn.TEXTBEFORE(_xlfn.TEXTAFTER(B37,"-",2),"-"))-1)) -> 7 | I37: =IF(H37<=5,"Kanan","Kiri") -> Kiri | J37: =VLOOKUP(TIMEVALUE(LEFT(E37,5)),$J$14:$K$19,2,TRUE) -> 34000 | K37: =_xlfn.LET( _xlpm.r,_xlfn.TEXTAFTER(B37,"-",4), _xlpm.s,SUBSTITUTE(SUBSTITUTE(SUBSTITUTE(SUBSTITUTE(SUBSTITUTE(SUBSTITUTE(SUBSTITUTE(_xlpm.r,"CM","DCCCC"),"CD","CCCC"),"XC","LXXXX"),"XL","XXXX"),"IX","VIIII"),"IV","IIII"),"M","DD"), LEN(_xlpm.s)-LEN(SUBSTITUTE(_xlpm.s,"I",""))+ 5*(LEN(_xlpm.s)-LEN(SUBSTITUTE(_xlpm.s,"V","")))+ 10*(LEN(_xlpm.s)-LEN(SUBSTITUTE(_xlpm.s,"X","")))+ 50*(LEN(_xlpm.s)-LEN(SUBSTITUTE(_xlpm.s,"L","")))+ 100*(LEN(_xlpm.s)-LEN(SUBSTITUTE(_xlpm.s,"C","")))+ 500*(LEN(_xlpm.s)-LEN(SUBSTITUTE(_xlpm.s,"D",""))) ) -> 96 | L37: {=_xlfn.IFS( G37="Reguler",0.02, G37="Couple",0.08, G37="VIP",0.12, TRUE,0 )} -> 0.08 | M37: =J37*K37-(J37*K37*L37) -> 3002880 | N37: =IF(MID(B37,4,1)="M","M-tix", IF(MID(B37,4,1)="C","CGV Apps", IF(MID(B37,4,1)="T","Tunai",""))) -> Tunai
A38: 4 | B38: S3-M-3A-R-LXXVIII | C38: Dune: Part Two | D38: =IF(LEFT(B38,2)="S1","Studio 1", IF(LEFT(B38,2)="S2","Studio 2", IF(LEFT(B38,2)="S3","Studio 3", IF(LEFT(B38,2)="S4","Studio 4","")))) -> Studio 3 | E38: 14:03-15:30 | F38: =(TIMEVALUE(MID(E38,FIND("-",E38)+1,5)) - TIMEVALUE(LEFT(E38,5)))*1440 -> 87 | G38: =IF(MID(B38,FIND("-",B38,FIND("-",B38,4)+1)+1,1)="R","Reguler", IF(MID(B38,FIND("-",B38,FIND("-",B38,4)+1)+1,1)="C","Couple", IF(MID(B38,FIND("-",B38,FIND("-",B38,4)+1)+1,1)="V","VIP",""))) -> Reguler | H38: =VALUE(LEFT(_xlfn.TEXTBEFORE(_xlfn.TEXTAFTER(B38,"-",2),"-"),LEN(_xlfn.TEXTBEFORE(_xlfn.TEXTAFTER(B38,"-",2),"-"))-1)) -> 3 | I38: =IF(H38<=5,"Kanan","Kiri") -> Kanan | J38: =VLOOKUP(TIMEVALUE(LEFT(E38,5)),$J$14:$K$19,2,TRUE) -> 37000 | K38: =_xlfn.LET( _xlpm.r,_xlfn.TEXTAFTER(B38,"-",4), _xlpm.s,SUBSTITUTE(SUBSTITUTE(SUBSTITUTE(SUBSTITUTE(SUBSTITUTE(SUBSTITUTE(SUBSTITUTE(_xlpm.r,"CM","DCCCC"),"CD","CCCC"),"XC","LXXXX"),"XL","XXXX"),"IX","VIIII"),"IV","IIII"),"M","DD"), LEN(_xlpm.s)-LEN(SUBSTITUTE(_xlpm.s,"I",""))+ 5*(LEN(_xlpm.s)-LEN(SUBSTITUTE(_xlpm.s,"V","")))+ 10*(LEN(_xlpm.s)-LEN(SUBSTITUTE(_xlpm.s,"X","")))+ 50*(LEN(_xlpm.s)-LEN(SUBSTITUTE(_xlpm.s,"L","")))+ 100*(LEN(_xlpm.s)-LEN(SUBSTITUTE(_xlpm.s,"C","")))+ 500*(LEN(_xlpm.s)-LEN(SUBSTITUTE(_xlpm.s,"D",""))) ) -> 78 | L38: {=_xlfn.IFS( G38="Reguler",0.02, G38="Couple",0.08, G38="VIP",0.12, TRUE,0 )} -> 0.02 | M38: =J38*K38-(J38*K38*L38) -> 2828280 | N38: =IF(MID(B38,4,1)="M","M-tix", IF(MID(B38,4,1)="C","CGV Apps", IF(MID(B38,4,1)="T","Tunai",""))) -> M-tix
A39: 5 | B39: S3-C-8D-V-LXXXVII | C39: Top Gun: Maverick | D39: =IF(LEFT(B39,2)="S1","Studio 1", IF(LEFT(B39,2)="S2","Studio 2", IF(LEFT(B39,2)="S3","Studio 3", IF(LEFT(B39,2)="S4","Studio 4","")))) -> Studio 3 | E39: 21:00-22:05 | F39: =(TIMEVALUE(MID(E39,FIND("-",E39)+1,5)) - TIMEVALUE(LEFT(E39,5)))*1440 -> 65 | G39: =IF(MID(B39,FIND("-",B39,FIND("-",B39,4)+1)+1,1)="R","Reguler", IF(MID(B39,FIND("-",B39,FIND("-",B39,4)+1)+1,1)="C","Couple", IF(MID(B39,FIND("-",B39,FIND("-",B39,4)+1)+1,1)="V","VIP",""))) -> VIP | H39: =VALUE(LEFT(_xlfn.TEXTBEFORE(_xlfn.TEXTAFTER(B39,"-",2),"-"),LEN(_xlfn.TEXTBEFORE(_xlfn.TEXTAFTER(B39,"-",2),"-"))-1)) -> 8 | I39: =IF(H39<=5,"Kanan","Kiri") -> Kiri | J39: =VLOOKUP(TIMEVALUE(LEFT(E39,5)),$J$14:$K$19,2,TRUE) -> 55000 | K39: =_xlfn.LET( _xlpm.r,_xlfn.TEXTAFTER(B39,"-",4), _xlpm.s,SUBSTITUTE(SUBSTITUTE(SUBSTITUTE(SUBSTITUTE(SUBSTITUTE(SUBSTITUTE(SUBSTITUTE(_xlpm.r,"CM","DCCCC"),"CD","CCCC"),"XC","LXXXX"),"XL","XXXX"),"IX","VIIII"),"IV","IIII"),"M","DD"), LEN(_xlpm.s)-LEN(SUBSTITUTE(_xlpm.s,"I",""))+ 5*(LEN(_xlpm.s)-LEN(SUBSTITUTE(_xlpm.s,"V","")))+ 10*(LEN(_xlpm.s)-LEN(SUBSTITUTE(_xlpm.s,"X","")))+ 50*(LEN(_xlpm.s)-LEN(SUBSTITUTE(_xlpm.s,"L","")))+ 100*(LEN(_xlpm.s)-LEN(SUBSTITUTE(_xlpm.s,"C","")))+ 500*(LEN(_xlpm.s)-LEN(SUBSTITUTE(_xlpm.s,"D",""))) ) -> 87 | L39: {=_xlfn.IFS( G39="Reguler",0.02, G39="Couple",0.08, G39="VIP",0.12, TRUE,0 )} -> 0.12 | M39: =J39*K39-(J39*K39*L39) -> 4210800 | N39: =IF(MID(B39,4,1)="M","M-tix", IF(MID(B39,4,1)="C","CGV Apps", IF(MID(B39,4,1)="T","Tunai",""))) -> CGV Apps
A40: 6 | B40: S4-T-4C-R-LXXIV | C40: Guardians of the Galaxy | D40: =IF(LEFT(B40,2)="S1","Studio 1", IF(LEFT(B40,2)="S2","Studio 2", IF(LEFT(B40,2)="S3","Studio 3", IF(LEFT(B40,2)="S4","Studio 4","")))) -> Studio 4 | E40: 12:07-13:17 | F40: =(TIMEVALUE(MID(E40,FIND("-",E40)+1,5)) - TIMEVALUE(LEFT(E40,5)))*1440 -> 70 | G40: =IF(MID(B40,FIND("-",B40,FIND("-",B40,4)+1)+1,1)="R","Reguler", IF(MID(B40,FIND("-",B40,FIND("-",B40,4)+1)+1,1)="C","Couple", IF(MID(B40,FIND("-",B40,FIND("-",B40,4)+1)+1,1)="V","VIP",""))) -> Reguler | H40: =VALUE(LEFT(_xlfn.TEXTBEFORE(_xlfn.TEXTAFTER(B40,"-",2),"-"),LEN(_xlfn.TEXTBEFORE(_xlfn.TEXTAFTER(B40,"-",2),"-"))-1)) -> 4 | I40: =IF(H40<=5,"Kanan","Kiri") -> Kanan | J40: =VLOOKUP(TIMEVALUE(LEFT(E40,5)),$J$14:$K$19,2,TRUE) -> 35000 | K40: =_xlfn.LET( _xlpm.r,_xlfn.TEXTAFTER(B40,"-",4), _xlpm.s,SUBSTITUTE(SUBSTITUTE(SUBSTITUTE(SUBSTITUTE(SUBSTITUTE(SUBSTITUTE(SUBSTITUTE(_xlpm.r,"CM","DCCCC"),"CD","CCCC"),"XC","LXXXX"),"XL","XXXX"),"IX","VIIII"),"IV","IIII"),"M","DD"), LEN(_xlpm.s)-LEN(SUBSTITUTE(_xlpm.s,"I",""))+ 5*(LEN(_xlpm.s)-LEN(SUBSTITUTE(_xlpm.s,"V","")))+ 10*(LEN(_xlpm.s)-LEN(SUBSTITUTE(_xlpm.s,"X","")))+ 50*(LEN(_xlpm.s)-LEN(SUBSTITUTE(_xlpm.s,"L","")))+ 100*(LEN(_xlpm.s)-LEN(SUBSTITUTE(_xlpm.s,"C","")))+ 500*(LEN(_xlpm.s)-LEN(SUBSTITUTE(_xlpm.s,"D",""))) ) -> 74 | L40: {=_xlfn.IFS( G40="Reguler",0.02, G40="Couple",0.08, G40="VIP",0.12, TRUE,0 )} -> 0.02 | M40: =J40*K40-(J40*K40*L40) -> 2538200 | N40: =IF(MID(B40,4,1)="M","M-tix", IF(MID(B40,4,1)="C","CGV Apps", IF(MID(B40,4,1)="T","Tunai",""))) -> Tunai
A41: 7 | B41: S4-M-6F-C-LI | C41: Doctor Strange | D41: =IF(LEFT(B41,2)="S1","Studio 1", IF(LEFT(B41,2)="S2","Studio 2", IF(LEFT(B41,2)="S3","Studio 3", IF(LEFT(B41,2)="S4","Studio 4","")))) -> Studio 4 | E41: 18:01-19:35 | F41: =(TIMEVALUE(MID(E41,FIND("-",E41)+1,5)) - TIMEVALUE(LEFT(E41,5)))*1440 -> 94 | G41: =IF(MID(B41,FIND("-",B41,FIND("-",B41,4)+1)+1,1)="R","Reguler", IF(MID(B41,FIND("-",B41,FIND("-",B41,4)+1)+1,1)="C","Couple", IF(MID(B41,FIND("-",B41,FIND("-",B41,4)+1)+1,1)="V","VIP",""))) -> Couple | H41: =VALUE(LEFT(_xlfn.TEXTBEFORE(_xlfn.TEXTAFTER(B41,"-",2),"-"),LEN(_xlfn.TEXTBEFORE(_xlfn.TEXTAFTER(B41,"-",2),"-"))-1)) -> 6 | I41: =IF(H41<=5,"Kanan","Kiri") -> Kiri | J41: =VLOOKUP(TIMEVALUE(LEFT(E41,5)),$J$14:$K$19,2,TRUE) -> 45000 | K41: =_xlfn.LET( _xlpm.r,_xlfn.TEXTAFTER(B41,"-",4), _xlpm.s,SUBSTITUTE(SUBSTITUTE(SUBSTITUTE(SUBSTITUTE(SUBSTITUTE(SUBSTITUTE(SUBSTITUTE(_xlpm.r,"CM","DCCCC"),"CD","CCCC"),"XC","LXXXX"),"XL","XXXX"),"IX","VIIII"),"IV","IIII"),"M","DD"), LEN(_xlpm.s)-LEN(SUBSTITUTE(_xlpm.s,"I",""))+ 5*(LEN(_xlpm.s)-LEN(SUBSTITUTE(_xlpm.s,"V","")))+ 10*(LEN(_xlpm.s)-LEN(SUBSTITUTE(_xlpm.s,"X","")))+ 50*(LEN(_xlpm.s)-LEN(SUBSTITUTE(_xlpm.s,"L","")))+ 100*(LEN(_xlpm.s)-LEN(SUBSTITUTE(_xlpm.s,"C","")))+ 500*(LEN(_xlpm.s)-LEN(SUBSTITUTE(_xlpm.s,"D",""))) ) -> 51 | L41: {=_xlfn.IFS( G41="Reguler",0.02, G41="Couple",0.08, G41="VIP",0.12, TRUE,0 )} -> 0.08 | M41: =J41*K41-(J41*K41*L41) -> 2111400 | N41: =IF(MID(B41,4,1)="M","M-tix", IF(MID(B41,4,1)="C","CGV Apps", IF(MID(B41,4,1)="T","Tunai",""))) -> M-tix
A42: 8 | B42: S1-C-5A-V-LXXXIX | C42: Black Panther | D42: =IF(LEFT(B42,2)="S1","Studio 1", IF(LEFT(B42,2)="S2","Studio 2", IF(LEFT(B42,2)="S3","Studio 3", IF(LEFT(B42,2)="S4","Studio 4","")))) -> Studio 1 | E42: 21:15-22:59 | F42: =(TIMEVALUE(MID(E42,FIND("-",E42)+1,5)) - TIMEVALUE(LEFT(E42,5)))*1440 -> 104 | G42: =IF(MID(B42,FIND("-",B42,FIND("-",B42,4)+1)+1,1)="R","Reguler", IF(MID(B42,FIND("-",B42,FIND("-",B42,4)+1)+1,1)="C","Couple", IF(MID(B42,FIND("-",B42,FIND("-",B42,4)+1)+1,1)="V","VIP",""))) -> VIP | H42: =VALUE(LEFT(_xlfn.TEXTBEFORE(_xlfn.TEXTAFTER(B42,"-",2),"-"),LEN(_xlfn.TEXTBEFORE(_xlfn.TEXTAFTER(B42,"-",2),"-"))-1)) -> 5 | I42: =IF(H42<=5,"Kanan","Kiri") -> Kanan | J42: =VLOOKUP(TIMEVALUE(LEFT(E42,5)),$J$14:$K$19,2,TRUE) -> 55000 | K42: =_xlfn.LET( _xlpm.r,_xlfn.TEXTAFTER(B42,"-",4), _xlpm.s,SUBSTITUTE(SUBSTITUTE(SUBSTITUTE(SUBSTITUTE(SUBSTITUTE(SUBSTITUTE(SUBSTITUTE(_xlpm.r,"CM","DCCCC"),"CD","CCCC"),"XC","LXXXX"),"XL","XXXX"),"IX","VIIII"),"IV","IIII"),"M","DD"), LEN(_xlpm.s)-LEN(SUBSTITUTE(_xlpm.s,"I",""))+ 5*(LEN(_xlpm.s)-LEN(SUBSTITUTE(_xlpm.s,"V","")))+ 10*(LEN(_xlpm.s)-LEN(SUBSTITUTE(_xlpm.s,"X","")))+ 50*(LEN(_xlpm.s)-LEN(SUBSTITUTE(_xlpm.s,"L","")))+ 100*(LEN(_xlpm.s)-LEN(SUBSTITUTE(_xlpm.s,"C","")))+ 500*(LEN(_xlpm.s)-LEN(SUBSTITUTE(_xlpm.s,"D",""))) ) -> 89 | L42: {=_xlfn.IFS( G42="Reguler",0.02, G42="Couple",0.08, G42="VIP",0.12, TRUE,0 )} -> 0.12 | M42: =J42*K42-(J42*K42*L42) -> 4307600 | N42: =IF(MID(B42,4,1)="M","M-tix", IF(MID(B42,4,1)="C","CGV Apps", IF(MID(B42,4,1)="T","Tunai",""))) -> CGV Apps
A43: 9 | B43: S2-T-5E-R-LXXXVII | C43: Mission: Impossible | D43: =IF(LEFT(B43,2)="S1","Studio 1", IF(LEFT(B43,2)="S2","Studio 2", IF(LEFT(B43,2)="S3","Studio 3", IF(LEFT(B43,2)="S4","Studio 4","")))) -> Studio 2 | E43: 18:00-19:55 | F43: =(TIMEVALUE(MID(E43,FIND("-",E43)+1,5)) - TIMEVALUE(LEFT(E43,5)))*1440 -> 115 | G43: =IF(MID(B43,FIND("-",B43,FIND("-",B43,4)+1)+1,1)="R","Reguler", IF(MID(B43,FIND("-",B43,FIND("-",B43,4)+1)+1,1)="C","Couple", IF(MID(B43,FIND("-",B43,FIND("-",B43,4)+1)+1,1)="V","VIP",""))) -> Reguler | H43: =VALUE(LEFT(_xlfn.TEXTBEFORE(_xlfn.TEXTAFTER(B43,"-",2),"-"),LEN(_xlfn.TEXTBEFORE(_xlfn.TEXTAFTER(B43,"-",2),"-"))-1)) -> 5 | I43: =IF(H43<=5,"Kanan","Kiri") -> Kanan | J43: =VLOOKUP(TIMEVALUE(LEFT(E43,5)),$J$14:$K$19,2,TRUE) -> 45000 | K43: =_xlfn.LET( _xlpm.r,_xlfn.TEXTAFTER(B43,"-",4), _xlpm.s,SUBSTITUTE(SUBSTITUTE(SUBSTITUTE(SUBSTITUTE(SUBSTITUTE(SUBSTITUTE(SUBSTITUTE(_xlpm.r,"CM","DCCCC"),"CD","CCCC"),"XC","LXXXX"),"XL","XXXX"),"IX","VIIII"),"IV","IIII"),"M","DD"), LEN(_xlpm.s)-LEN(SUBSTITUTE(_xlpm.s,"I",""))+ 5*(LEN(_xlpm.s)-LEN(SUBSTITUTE(_xlpm.s,"V","")))+ 10*(LEN(_xlpm.s)-LEN(SUBSTITUTE(_xlpm.s,"X","")))+ 50*(LEN(_xlpm.s)-LEN(SUBSTITUTE(_xlpm.s,"L","")))+ 100*(LEN(_xlpm.s)-LEN(SUBSTITUTE(_xlpm.s,"C","")))+ 500*(LEN(_xlpm.s)-LEN(SUBSTITUTE(_xlpm.s,"D",""))) ) -> 87 | L43: {=_xlfn.IFS( G43="Reguler",0.02, G43="Couple",0.08, G43="VIP",0.12, TRUE,0 )} -> 0.02 | M43: =J43*K43-(J43*K43*L43) -> 3836700 | N43: =IF(MID(B43,4,1)="M","M-tix", IF(MID(B43,4,1)="C","CGV Apps", IF(MID(B43,4,1)="T","Tunai",""))) -> Tunai
A44: 10 | B44: S3-M-6B-C-XCII | C44: The Super Mario Bros | D44: =IF(LEFT(B44,2)="S1","Studio 1", IF(LEFT(B44,2)="S2","Studio 2", IF(LEFT(B44,2)="S3","Studio 3", IF(LEFT(B44,2)="S4","Studio 4","")))) -> Studio 3 | E44: 14:00-16:15 | F44: =(TIMEVALUE(MID(E44,FIND("-",E44)+1,5)) - TIMEVALUE(LEFT(E44,5)))*1440 -> 135 | G44: =IF(MID(B44,FIND("-",B44,FIND("-",B44,4)+1)+1,1)="R","Reguler", IF(MID(B44,FIND("-",B44,FIND("-",B44,4)+1)+1,1)="C","Couple", IF(MID(B44,FIND("-",B44,FIND("-",B44,4)+1)+1,1)="V","VIP",""))) -> Couple | H44: =VALUE(LEFT(_xlfn.TEXTBEFORE(_xlfn.TEXTAFTER(B44,"-",2),"-"),LEN(_xlfn.TEXTBEFORE(_xlfn.TEXTAFTER(B44,"-",2),"-"))-1)) -> 6 | I44: =IF(H44<=5,"Kanan","Kiri") -> Kiri | J44: =VLOOKUP(TIMEVALUE(LEFT(E44,5)),$J$14:$K$19,2,TRUE) -> 37000 | K44: =_xlfn.LET( _xlpm.r,_xlfn.TEXTAFTER(B44,"-",4), _xlpm.s,SUBSTITUTE(SUBSTITUTE(SUBSTITUTE(SUBSTITUTE(SUBSTITUTE(SUBSTITUTE(SUBSTITUTE(_xlpm.r,"CM","DCCCC"),"CD","CCCC"),"XC","LXXXX"),"XL","XXXX"),"IX","VIIII"),"IV","IIII"),"M","DD"), LEN(_xlpm.s)-LEN(SUBSTITUTE(_xlpm.s,"I",""))+ 5*(LEN(_xlpm.s)-LEN(SUBSTITUTE(_xlpm.s,"V","")))+ 10*(LEN(_xlpm.s)-LEN(SUBSTITUTE(_xlpm.s,"X","")))+ 50*(LEN(_xlpm.s)-LEN(SUBSTITUTE(_xlpm.s,"L","")))+ 100*(LEN(_xlpm.s)-LEN(SUBSTITUTE(_xlpm.s,"C","")))+ 500*(LEN(_xlpm.s)-LEN(SUBSTITUTE(_xlpm.s,"D",""))) ) -> 92 | L44: {=_xlfn.IFS( G44="Reguler",0.02, G44="Couple",0.08, G44="VIP",0.12, TRUE,0 )} -> 0.08 | M44: =J44*K44-(J44*K44*L44) -> 3131680 | N44: =IF(MID(B44,4,1)="M","M-tix", IF(MID(B44,4,1)="C","CGV Apps", IF(MID(B44,4,1)="T","Tunai",""))) -> M-tix
A45: 11 | B45: S4-C-6F-V-CI | C45: Barbie | D45: =IF(LEFT(B45,2)="S1","Studio 1", IF(LEFT(B45,2)="S2","Studio 2", IF(LEFT(B45,2)="S3","Studio 3", IF(LEFT(B45,2)="S4","Studio 4","")))) -> Studio 4 | E45: 16:35-18:25 | F45: =(TIMEVALUE(MID(E45,FIND("-",E45)+1,5)) - TIMEVALUE(LEFT(E45,5)))*1440 -> 110 | G45: =IF(MID(B45,FIND("-",B45,FIND("-",B45,4)+1)+1,1)="R","Reguler", IF(MID(B45,FIND("-",B45,FIND("-",B45,4)+1)+1,1)="C","Couple", IF(MID(B45,FIND("-",B45,FIND("-",B45,4)+1)+1,1)="V","VIP",""))) -> VIP | H45: =VALUE(LEFT(_xlfn.TEXTBEFORE(_xlfn.TEXTAFTER(B45,"-",2),"-"),LEN(_xlfn.TEXTBEFORE(_xlfn.TEXTAFTER(B45,"-",2),"-"))-1)) -> 6 | I45: =IF(H45<=5,"Kanan","Kiri") -> Kiri | J45: =VLOOKUP(TIMEVALUE(LEFT(E45,5)),$J$14:$K$19,2,TRUE) -> 34000 | K45: =_xlfn.LET( _xlpm.r,_xlfn.TEXTAFTER(B45,"-",4), _xlpm.s,SUBSTITUTE(SUBSTITUTE(SUBSTITUTE(SUBSTITUTE(SUBSTITUTE(SUBSTITUTE(SUBSTITUTE(_xlpm.r,"CM","DCCCC"),"CD","CCCC"),"XC","LXXXX"),"XL","XXXX"),"IX","VIIII"),"IV","IIII"),"M","DD"), LEN(_xlpm.s)-LEN(SUBSTITUTE(_xlpm.s,"I",""))+ 5*(LEN(_xlpm.s)-LEN(SUBSTITUTE(_xlpm.s,"V","")))+ 10*(LEN(_xlpm.s)-LEN(SUBSTITUTE(_xlpm.s,"X","")))+ 50*(LEN(_xlpm.s)-LEN(SUBSTITUTE(_xlpm.s,"L","")))+ 100*(LEN(_xlpm.s)-LEN(SUBSTITUTE(_xlpm.s,"C","")))+ 500*(LEN(_xlpm.s)-LEN(SUBSTITUTE(_xlpm.s,"D",""))) ) -> 101 | L45: {=_xlfn.IFS( G45="Reguler",0.02, G45="Couple",0.08, G45="VIP",0.12, TRUE,0 )} -> 0.12 | M45: =J45*K45-(J45*K45*L45) -> 3021920 | N45: =IF(MID(B45,4,1)="M","M-tix", IF(MID(B45,4,1)="C","CGV Apps", IF(MID(B45,4,1)="T","Tunai",""))) -> CGV Apps
A46: 12 | B46: S1-T-7C-R-LIV | C46: Oppenheimer | D46: =IF(LEFT(B46,2)="S1","Studio 1", IF(LEFT(B46,2)="S2","Studio 2", IF(LEFT(B46,2)="S3","Studio 3", IF(LEFT(B46,2)="S4","Studio 4","")))) -> Studio 1 | E46: 12:07-14:15 | F46: =(TIMEVALUE(MID(E46,FIND("-",E46)+1,5)) - TIMEVALUE(LEFT(E46,5)))*1440 -> 128 | G46: =IF(MID(B46,FIND("-",B46,FIND("-",B46,4)+1)+1,1)="R","Reguler", IF(MID(B46,FIND("-",B46,FIND("-",B46,4)+1)+1,1)="C","Couple", IF(MID(B46,FIND("-",B46,FIND("-",B46,4)+1)+1,1)="V","VIP",""))) -> Reguler | H46: =VALUE(LEFT(_xlfn.TEXTBEFORE(_xlfn.TEXTAFTER(B46,"-",2),"-"),LEN(_xlfn.TEXTBEFORE(_xlfn.TEXTAFTER(B46,"-",2),"-"))-1)) -> 7 | I46: =IF(H46<=5,"Kanan","Kiri") -> Kiri | J46: =VLOOKUP(TIMEVALUE(LEFT(E46,5)),$J$14:$K$19,2,TRUE) -> 35000 | K46: =_xlfn.LET( _xlpm.r,_xlfn.TEXTAFTER(B46,"-",4), _xlpm.s,SUBSTITUTE(SUBSTITUTE(SUBSTITUTE(SUBSTITUTE(SUBSTITUTE(SUBSTITUTE(SUBSTITUTE(_xlpm.r,"CM","DCCCC"),"CD","CCCC"),"XC","LXXXX"),"XL","XXXX"),"IX","VIIII"),"IV","IIII"),"M","DD"), LEN(_xlpm.s)-LEN(SUBSTITUTE(_xlpm.s,"I",""))+ 5*(LEN(_xlpm.s)-LEN(SUBSTITUTE(_xlpm.s,"V","")))+ 10*(LEN(_xlpm.s)-LEN(SUBSTITUTE(_xlpm.s,"X","")))+ 50*(LEN(_xlpm.s)-LEN(SUBSTITUTE(_xlpm.s,"L","")))+ 100*(LEN(_xlpm.s)-LEN(SUBSTITUTE(_xlpm.s,"C","")))+ 500*(LEN(_xlpm.s)-LEN(SUBSTITUTE(_xlpm.s,"D",""))) ) -> 54 | L46: {=_xlfn.IFS( G46="Reguler",0.02, G46="Couple",0.08, G46="VIP",0.12, TRUE,0 )} -> 0.02 | M46: =J46*K46-(J46*K46*L46) -> 1852200 | N46: =IF(MID(B46,4,1)="M","M-tix", IF(MID(B46,4,1)="C","CGV Apps", IF(MID(B46,4,1)="T","Tunai",""))) -> Tunai
... A49: 15 | B49: S4-T-2F-C-LXXXIV | C49: Kung Fu Panda 4 | D49: =IF(LEFT(B49,2)="S1","Studio 1", IF(LEFT(B49,2)="S2","Studio 2", IF(LEFT(B49,2)="S3","Studio 3", IF(LEFT(B49,2)="S4","Studio 4","")))) -> Studio 4 | E49: 21:59-23:15 | F49: =(TIMEVALUE(MID(E49,FIND("-",E49)+1,5)) - TIMEVALUE(LEFT(E49,5)))*1440 -> 76 | G49: =IF(MID(B49,FIND("-",B49,FIND("-",B49,4)+1)+1,1)="R","Reguler", IF(MID(B49,FIND("-",B49,FIND("-",B49,4)+1)+1,1)="C","Couple", IF(MID(B49,FIND("-",B49,FIND("-",B49,4)+1)+1,1)="V","VIP",""))) -> Couple | H49: =VALUE(LEFT(_xlfn.TEXTBEFORE(_xlfn.TEXTAFTER(B49,"-",2),"-"),LEN(_xlfn.TEXTBEFORE(_xlfn.TEXTAFTER(B49,"-",2),"-"))-1)) -> 2 | I49: =IF(H49<=5,"Kanan","Kiri") -> Kanan | J49: =VLOOKUP(TIMEVALUE(LEFT(E49,5)),$J$14:$K$19,2,TRUE) -> 55000 | K49: =_xlfn.LET( _xlpm.r,_xlfn.TEXTAFTER(B49,"-",4), _xlpm.s,SUBSTITUTE(SUBSTITUTE(SUBSTITUTE(SUBSTITUTE(SUBSTITUTE(SUBSTITUTE(SUBSTITUTE(_xlpm.r,"CM","DCCCC"),"CD","CCCC"),"XC","LXXXX"),"XL","XXXX"),"IX","VIIII"),"IV","IIII"),"M","DD"), LEN(_xlpm.s)-LEN(SUBSTITUTE(_xlpm.s,"I",""))+ 5*(LEN(_xlpm.s)-LEN(SUBSTITUTE(_xlpm.s,"V","")))+ 10*(LEN(_xlpm.s)-LEN(SUBSTITUTE(_xlpm.s,"X","")))+ 50*(LEN(_xlpm.s)-LEN(SUBSTITUTE(_xlpm.s,"L","")))+ 100*(LEN(_xlpm.s)-LEN(SUBSTITUTE(_xlpm.s,"C","")))+ 500*(LEN(_xlpm.s)-LEN(SUBSTITUTE(_xlpm.s,"D",""))) ) -> 84 | L49: {=_xlfn.IFS( G49="Reguler",0.02, G49="Couple",0.08, G49="VIP",0.12, TRUE,0 )} -> 0.08 | M49: =J49*K49-(J49*K49*L49) -> 4250400 | N49: =IF(MID(B49,4,1)="M","M-tix", IF(MID(B49,4,1)="C","CGV Apps", IF(MID(B49,4,1)="T","Tunai",""))) -> Tunai

Sheet DF
A1: Def | C1: 1 | D1: 2 | E1: 3 | F1: 4 | G1: 5 | H1: 6 | I1: 7 | J1: 8 | K1: 9 | L1: 10 | M1: 1 | N1: 3 | O1: 5 | P1: 10 | S1: 1 | T1: 2 | U1: 3 | V1: 4 | W1: 5 | X1: 6 | Y1: 7 | Z1: 8 | AA1: 9 | AB1: 10
A2: MN2 | B2: 1 | C2: =UPPER('XL-Test'!D35) -> STUDIO 1 | D2: ='XL-Test'!F35 -> 125 | E2: ='XL-Test'!G35 -> VIP | F2: ='XL-Test'!H35 -> 1 | G2: =UPPER('XL-Test'!I35) -> KANAN | H2: ='XL-Test'!J35 -> 37000 | I2: ='XL-Test'!K35 -> 105 | J2: ='XL-Test'!L35 -> 0.12 | K2: ='XL-Test'!M35 -> 3418800 | L2: =UPPER(SUBSTITUTE(SUBSTITUTE('XL-Test'!N35,"-","")," ","")) -> MTIX | M2: =CODE(LEFT(C2))+CODE(MID(C2,3,1))+RIGHT(C2) -> 169 | N2: =CODE(LEFT(E2))+CODE(MID(E2,3,1))+CODE(RIGHT(E2)) -> 246 | O2: =CODE(LEFT(G2))+CODE(MID(G2,3,1))+CODE(RIGHT(G2)) -> 231 | P2: =CODE(LEFT(L2))+CODE(MID(L2,3,1))+CODE(RIGHT(L2)) -> 238 | R2: 1 | S2: =_xlfn.FORMULATEXT('XL-Test'!D35) -> =IF(LEFT(B35,2)="S1","Studio 1", IF(LEFT(B35,2)="S2","Studio 2", IF(LEFT(B35,2)="S3","Studio 3", IF(LEFT(B35,2)="S4","Studio 4","")))) | T2: =_xlfn.FORMULATEXT('XL-Test'!F35) -> =(TIMEVALUE(MID(E35,FIND("-",E35)+1,5)) - TIMEVALUE(LEFT(E35,5)))*1440 | U2: =_xlfn.FORMULATEXT('XL-Test'!G35) -> =IF(MID(B35,FIND("-",B35,FIND("-",B35,4)+1)+1,1)="R","Reguler", IF(MID(B35,FIND("-",B35,FIND("-",B35,4)+1)+1,1)="C","Couple", IF(MID(B35,FIND("-",B35,FIND("-",B35,4)+1)+1,1)="V","VIP",""))) | V2: =_xlfn.FORMULATEXT('XL-Test'!H35) -> =VALUE(LEFT(TEXTBEFORE(TEXTAFTER(B35,"-",2),"-"),LEN(TEXTBEFORE(TEXTAFTER(B35,"-",2),"-"))-1)) | W2: =_xlfn.FORMULATEXT('XL-Test'!I35) -> =IF(H35<=5,"Kanan","Kiri") | X2: =_xlfn.FORMULATEXT('XL-Test'!J35) -> =VLOOKUP(TIMEVALUE(LEFT(E35,5)),$J$14:$K$19,2,TRUE) | Y2: =_xlfn.FORMULATEXT('XL-Test'!K35) -> =LET( r,TEXTAFTER(B35,"-",4), s,SUBSTITUTE(SUBSTITUTE(SUBSTITUTE(SUBSTITUTE(SUBSTITUTE(SUBSTITUTE(SUBSTITUTE(r,"CM","DCCCC"),"CD","CCCC"),"XC","LXXXX"),"XL","XXXX"),"IX","VIIII"),"IV","IIII"),"M","DD"), LEN(s)-LEN(SUBSTITUTE(s,"I",""))+ 5*(LEN(s)-LEN(SUBSTITUTE(s,"V","")))+ 10*(LEN(s)-LEN(SUBSTITUTE(s,"X","")))+ 50*(LEN(s)-LEN(SUBSTITUTE(s,"L","")))+ 100*(LEN(s)-LEN(SUBSTITUTE(s,"C","")))+ 500*(LEN(s)-LEN(SUBSTITUTE(s,"D",""))) ) | Z2: =_xlfn.FORMULATEXT('XL-Test'!L35) -> =IFS( G35="Reguler",0.02, G35="Couple",0.08, G35="VIP",0.12, TRUE,0 ) | AA2: =_xlfn.FORMULATEXT('XL-Test'!M35) -> =J35*K35-(J35*K35*L35) | AB2: =_xlfn.FORMULATEXT('XL-Test'!N35) -> =IF(MID(B35,4,1)="M","M-tix", IF(MID(B35,4,1)="C","CGV Apps", IF(MID(B35,4,1)="T","Tunai","")))
B3: 2 | C3: =UPPER('XL-Test'!D36) -> STUDIO 2 | D3: ='XL-Test'!F36 -> 59 | E3: ='XL-Test'!G36 -> Reguler | F3: ='XL-Test'!H36 -> 2 | G3: =UPPER('XL-Test'!I36) -> KANAN | H3: ='XL-Test'!J36 -> 34000 | I3: ='XL-Test'!K36 -> 58 | J3: ='XL-Test'!L36 -> 0.02 | K3: ='XL-Test'!M36 -> 1932560 | L3: =UPPER(SUBSTITUTE(SUBSTITUTE('XL-Test'!N36,"-","")," ","")) -> CGVAPPS | M3: =CODE(LEFT(C3))+CODE(MID(C3,3,1))+RIGHT(C3) -> 170 | N3: =CODE(LEFT(E3))+CODE(MID(E3,3,1))+CODE(RIGHT(E3)) -> 299 | O3: =CODE(LEFT(G3))+CODE(MID(G3,3,1))+CODE(RIGHT(G3)) -> 231 | P3: =CODE(LEFT(L3))+CODE(MID(L3,3,1))+CODE(RIGHT(L3)) -> 236 | R3: 2 | S3: =_xlfn.FORMULATEXT('XL-Test'!F35) -> =(TIMEVALUE(MID(E35,FIND("-",E35)+1,5)) - TIMEVALUE(LEFT(E35,5)))*1440
B4: 3 | C4: =UPPER('XL-Test'!D37) -> STUDIO 2 | D4: ='XL-Test'!F37 -> 75 | E4: ='XL-Test'!G37 -> Couple | F4: ='XL-Test'!H37 -> 7 | G4: =UPPER('XL-Test'!I37) -> KIRI | H4: ='XL-Test'!J37 -> 34000 | I4: ='XL-Test'!K37 -> 96 | J4: ='XL-Test'!L37 -> 0.08 | K4: ='XL-Test'!M37 -> 3002880 | L4: =UPPER(SUBSTITUTE(SUBSTITUTE('XL-Test'!N37,"-","")," ","")) -> TUNAI | M4: =CODE(LEFT(C4))+CODE(MID(C4,3,1))+RIGHT(C4) -> 170 | N4: =CODE(LEFT(E4))+CODE(MID(E4,3,1))+CODE(RIGHT(E4)) -> 285 | O4: =CODE(LEFT(G4))+CODE(MID(G4,3,1))+CODE(RIGHT(G4)) -> 230 | P4: =CODE(LEFT(L4))+CODE(MID(L4,3,1))+CODE(RIGHT(L4)) -> 235 | R4: 3 | S4: =_xlfn.FORMULATEXT('XL-Test'!G35) -> =IF(MID(B35,FIND("-",B35,FIND("-",B35,4)+1)+1,1)="R","Reguler", IF(MID(B35,FIND("-",B35,FIND("-",B35,4)+1)+1,1)="C","Couple", IF(MID(B35,FIND("-",B35,FIND("-",B35,4)+1)+1,1)="V","VIP","")))
B5: 4 | C5: =UPPER('XL-Test'!D38) -> STUDIO 3 | D5: ='XL-Test'!F38 -> 87 | E5: ='XL-Test'!G38 -> Reguler | F5: ='XL-Test'!H38 -> 3 | G5: =UPPER('XL-Test'!I38) -> KANAN | H5: ='XL-Test'!J38 -> 37000 | I5: ='XL-Test'!K38 -> 78 | J5: ='XL-Test'!L38 -> 0.02 | K5: ='XL-Test'!M38 -> 2828280 | L5: =UPPER(SUBSTITUTE(SUBSTITUTE('XL-Test'!N38,"-","")," ","")) -> MTIX | M5: =CODE(LEFT(C5))+CODE(MID(C5,3,1))+RIGHT(C5) -> 171 | N5: =CODE(LEFT(E5))+CODE(MID(E5,3,1))+CODE(RIGHT(E5)) -> 299 | O5: =CODE(LEFT(G5))+CODE(MID(G5,3,1))+CODE(RIGHT(G5)) -> 231 | P5: =CODE(LEFT(L5))+CODE(MID(L5,3,1))+CODE(RIGHT(L5)) -> 238 | R5: 4 | S5: =_xlfn.FORMULATEXT('XL-Test'!H35) -> =VALUE(LEFT(TEXTBEFORE(TEXTAFTER(B35,"-",2),"-"),LEN(TEXTBEFORE(TEXTAFTER(B35,"-",2),"-"))-1))
B6: 5 | C6: =UPPER('XL-Test'!D39) -> STUDIO 3 | D6: ='XL-Test'!F39 -> 65 | E6: ='XL-Test'!G39 -> VIP | F6: ='XL-Test'!H39 -> 8 | G6: =UPPER('XL-Test'!I39) -> KIRI | H6: ='XL-Test'!J39 -> 55000 | I6: ='XL-Test'!K39 -> 87 | J6: ='XL-Test'!L39 -> 0.12 | K6: ='XL-Test'!M39 -> 4210800 | L6: =UPPER(SUBSTITUTE(SUBSTITUTE('XL-Test'!N39,"-","")," ","")) -> CGVAPPS | M6: =CODE(LEFT(C6))+CODE(MID(C6,3,1))+RIGHT(C6) -> 171 | N6: =CODE(LEFT(E6))+CODE(MID(E6,3,1))+CODE(RIGHT(E6)) -> 246 | O6: =CODE(LEFT(G6))+CODE(MID(G6,3,1))+CODE(RIGHT(G6)) -> 230 | P6: =CODE(LEFT(L6))+CODE(MID(L6,3,1))+CODE(RIGHT(L6)) -> 236 | R6: 5 | S6: =_xlfn.FORMULATEXT('XL-Test'!I35) -> =IF(H35<=5,"Kanan","Kiri")
B7: 6 | C7: =UPPER('XL-Test'!D40) -> STUDIO 4 | D7: ='XL-Test'!F40 -> 70 | E7: ='XL-Test'!G40 -> Reguler | F7: ='XL-Test'!H40 -> 4 | G7: =UPPER('XL-Test'!I40) -> KANAN | H7: ='XL-Test'!J40 -> 35000 | I7: ='XL-Test'!K40 -> 74 | J7: ='XL-Test'!L40 -> 0.02 | K7: ='XL-Test'!M40 -> 2538200 | L7: =UPPER(SUBSTITUTE(SUBSTITUTE('XL-Test'!N40,"-","")," ","")) -> TUNAI | M7: =CODE(LEFT(C7))+CODE(MID(C7,3,1))+RIGHT(C7) -> 172 | N7: =CODE(LEFT(E7))+CODE(MID(E7,3,1))+CODE(RIGHT(E7)) -> 299 | O7: =CODE(LEFT(G7))+CODE(MID(G7,3,1))+CODE(RIGHT(G7)) -> 231 | P7: =CODE(LEFT(L7))+CODE(MID(L7,3,1))+CODE(RIGHT(L7)) -> 235 | R7: 6 | S7: =_xlfn.FORMULATEXT('XL-Test'!J35) -> =VLOOKUP(TIMEVALUE(LEFT(E35,5)),$J$14:$K$19,2,TRUE)
B8: 7 | C8: =UPPER('XL-Test'!D41) -> STUDIO 4 | D8: ='XL-Test'!F41 -> 94 | E8: ='XL-Test'!G41 -> Couple | F8: ='XL-Test'!H41 -> 6 | G8: =UPPER('XL-Test'!I41) -> KIRI | H8: ='XL-Test'!J41 -> 45000 | I8: ='XL-Test'!K41 -> 51 | J8: ='XL-Test'!L41 -> 0.08 | K8: ='XL-Test'!M41 -> 2111400 | L8: =UPPER(SUBSTITUTE(SUBSTITUTE('XL-Test'!N41,"-","")," ","")) -> MTIX | M8: =CODE(LEFT(C8))+CODE(MID(C8,3,1))+RIGHT(C8) -> 172 | N8: =CODE(LEFT(E8))+CODE(MID(E8,3,1))+CODE(RIGHT(E8)) -> 285 | O8: =CODE(LEFT(G8))+CODE(MID(G8,3,1))+CODE(RIGHT(G8)) -> 230 | P8: =CODE(LEFT(L8))+CODE(MID(L8,3,1))+CODE(RIGHT(L8)) -> 238 | R8: 7 | S8: =_xlfn.FORMULATEXT('XL-Test'!K35) -> =LET( r,TEXTAFTER(B35,"-",4), s,SUBSTITUTE(SUBSTITUTE(SUBSTITUTE(SUBSTITUTE(SUBSTITUTE(SUBSTITUTE(SUBSTITUTE(r,"CM","DCCCC"),"CD","CCCC"),"XC","LXXXX"),"XL","XXXX"),"IX","VIIII"),"IV","IIII"),"M","DD"), LEN(s)-LEN(SUBSTITUTE(s,"I",""))+ 5*(LEN(s)-LEN(SUBSTITUTE(s,"V","")))+ 10*(LEN(s)-LEN(SUBSTITUTE(s,"X","")))+ 50*(LEN(s)-LEN(SUBSTITUTE(s,"L","")))+ 100*(LEN(s)-LEN(SUBSTITUTE(s,"C","")))+ 500*(LEN(s)-LEN(SUBSTITUTE(s,"D",""))) )
B9: 8 | C9: =UPPER('XL-Test'!D42) -> STUDIO 1 | D9: ='XL-Test'!F42 -> 104 | E9: ='XL-Test'!G42 -> VIP | F9: ='XL-Test'!H42 -> 5 | G9: =UPPER('XL-Test'!I42) -> KANAN | H9: ='XL-Test'!J42 -> 55000 | I9: ='XL-Test'!K42 -> 89 | J9: ='XL-Test'!L42 -> 0.12 | K9: ='XL-Test'!M42 -> 4307600 | L9: =UPPER(SUBSTITUTE(SUBSTITUTE('XL-Test'!N42,"-","")," ","")) -> CGVAPPS | M9: =CODE(LEFT(C9))+CODE(MID(C9,3,1))+RIGHT(C9) -> 169 | N9: =CODE(LEFT(E9))+CODE(MID(E9,3,1))+CODE(RIGHT(E9)) -> 246 | O9: =CODE(LEFT(G9))+CODE(MID(G9,3,1))+CODE(RIGHT(G9)) -> 231 | P9: =CODE(LEFT(L9))+CODE(MID(L9,3,1))+CODE(RIGHT(L9)) -> 236 | R9: 8 | S9: =_xlfn.FORMULATEXT('XL-Test'!L35) -> =IFS( G35="Reguler",0.02, G35="Couple",0.08, G35="VIP",0.12, TRUE,0 )
B10: 9 | C10: =UPPER('XL-Test'!D43) -> STUDIO 2 | D10: ='XL-Test'!F43 -> 115 | E10: ='XL-Test'!G43 -> Reguler | F10: ='XL-Test'!H43 -> 5 | G10: =UPPER('XL-Test'!I43) -> KANAN | H10: ='XL-Test'!J43 -> 45000 | I10: ='XL-Test'!K43 -> 87 | J10: ='XL-Test'!L43 -> 0.02 | K10: ='XL-Test'!M43 -> 3836700 | L10: =UPPER(SUBSTITUTE(SUBSTITUTE('XL-Test'!N43,"-","")," ","")) -> TUNAI | M10: =CODE(LEFT(C10))+CODE(MID(C10,3,1))+RIGHT(C10) -> 170 | N10: =CODE(LEFT(E10))+CODE(MID(E10,3,1))+CODE(RIGHT(E10)) -> 299 | O10: =CODE(LEFT(G10))+CODE(MID(G10,3,1))+CODE(RIGHT(G10)) -> 231 | P10: =CODE(LEFT(L10))+CODE(MID(L10,3,1))+CODE(RIGHT(L10)) -> 235 | R10: 9 | S10: =_xlfn.FORMULATEXT('XL-Test'!M35) -> =J35*K35-(J35*K35*L35)
B11: 10 | C11: =UPPER('XL-Test'!D44) -> STUDIO 3 | D11: ='XL-Test'!F44 -> 135 | E11: ='XL-Test'!G44 -> Couple | F11: ='XL-Test'!H44 -> 6 | G11: =UPPER('XL-Test'!I44) -> KIRI | H11: ='XL-Test'!J44 -> 37000 | I11: ='XL-Test'!K44 -> 92 | J11: ='XL-Test'!L44 -> 0.08 | K11: ='XL-Test'!M44 -> 3131680 | L11: =UPPER(SUBSTITUTE(SUBSTITUTE('XL-Test'!N44,"-","")," ","")) -> MTIX | M11: =CODE(LEFT(C11))+CODE(MID(C11,3,1))+RIGHT(C11) -> 171 | N11: =CODE(LEFT(E11))+CODE(MID(E11,3,1))+CODE(RIGHT(E11)) -> 285 | O11: =CODE(LEFT(G11))+CODE(MID(G11,3,1))+CODE(RIGHT(G11)) -> 230 | P11: =CODE(LEFT(L11))+CODE(MID(L11,3,1))+CODE(RIGHT(L11)) -> 238 | R11: 10 | S11: =_xlfn.FORMULATEXT('XL-Test'!N35) -> =IF(MID(B35,4,1)="M","M-tix", IF(MID(B35,4,1)="C","CGV Apps", IF(MID(B35,4,1)="T","Tunai","")))
B12: 11 | C12: =UPPER('XL-Test'!D45) -> STUDIO 4 | D12: ='XL-Test'!F45 -> 110 | E12: ='XL-Test'!G45 -> VIP | F12: ='XL-Test'!H45 -> 6 | G12: =UPPER('XL-Test'!I45) -> KIRI | H12: ='XL-Test'!J45 -> 34000 | I12: ='XL-Test'!K45 -> 101 | J12: ='XL-Test'!L45 -> 0.12 | K12: ='XL-Test'!M45 -> 3021920 | L12: =UPPER(SUBSTITUTE(SUBSTITUTE('XL-Test'!N45,"-","")," ","")) -> CGVAPPS | M12: =CODE(LEFT(C12))+CODE(MID(C12,3,1))+RIGHT(C12) -> 172 | N12: =CODE(LEFT(E12))+CODE(MID(E12,3,1))+CODE(RIGHT(E12)) -> 246 | O12: =CODE(LEFT(G12))+CODE(MID(G12,3,1))+CODE(RIGHT(G12)) -> 230 | P12: =CODE(LEFT(L12))+CODE(MID(L12,3,1))+CODE(RIGHT(L12)) -> 236
B13: 12 | C13: =UPPER('XL-Test'!D46) -> STUDIO 1 | D13: ='XL-Test'!F46 -> 128 | E13: ='XL-Test'!G46 -> Reguler | F13: ='XL-Test'!H46 -> 7 | G13: =UPPER('XL-Test'!I46) -> KIRI | H13: ='XL-Test'!J46 -> 35000 | I13: ='XL-Test'!K46 -> 54 | J13: ='XL-Test'!L46 -> 0.02 | K13: ='XL-Test'!M46 -> 1852200 | L13: =UPPER(SUBSTITUTE(SUBSTITUTE('XL-Test'!N46,"-","")," ","")) -> TUNAI | M13: =CODE(LEFT(C13))+CODE(MID(C13,3,1))+RIGHT(C13) -> 169 | N13: =CODE(LEFT(E13))+CODE(MID(E13,3,1))+CODE(RIGHT(E13)) -> 299 | O13: =CODE(LEFT(G13))+CODE(MID(G13,3,1))+CODE(RIGHT(G13)) -> 230 | P13: =CODE(LEFT(L13))+CODE(MID(L13,3,1))+CODE(RIGHT(L13)) -> 235
B14: 13 | C14: =UPPER('XL-Test'!D47) -> STUDIO 2 | D14: ='XL-Test'!F47 -> 106 | E14: ='XL-Test'!G47 -> VIP | F14: ='XL-Test'!H47 -> 2 | G14: =UPPER('XL-Test'!I47) -> KANAN | H14: ='XL-Test'!J47 -> 45000 | I14: ='XL-Test'!K47 -> 55 | J14: ='XL-Test'!L47 -> 0.12 | K14: ='XL-Test'!M47 -> 2178000 | L14: =UPPER(SUBSTITUTE(SUBSTITUTE('XL-Test'!N47,"-","")," ","")) -> MTIX | M14: =CODE(LEFT(C14))+CODE(MID(C14,3,1))+RIGHT(C14) -> 170 | N14: =CODE(LEFT(E14))+CODE(MID(E14,3,1))+CODE(RIGHT(E14)) -> 246 | O14: =CODE(LEFT(G14))+CODE(MID(G14,3,1))+CODE(RIGHT(G14)) -> 231 | P14: =CODE(LEFT(L14))+CODE(MID(L14,3,1))+CODE(RIGHT(L14)) -> 238
B15: 14 | C15: =UPPER('XL-Test'!D48) -> STUDIO 3 | D15: ='XL-Test'!F48 -> 105 | E15: ='XL-Test'!G48 -> Reguler | F15: ='XL-Test'!H48 -> 8 | G15: =UPPER('XL-Test'!I48) -> KIRI | H15: ='XL-Test'!J48 -> 37000 | I15: ='XL-Test'!K48 -> 87 | J15: ='XL-Test'!L48 -> 0.02 | K15: ='XL-Test'!M48 -> 3154620 | L15: =UPPER(SUBSTITUTE(SUBSTITUTE('XL-Test'!N48,"-","")," ","")) -> CGVAPPS | M15: =CODE(LEFT(C15))+CODE(MID(C15,3,1))+RIGHT(C15) -> 171 | N15: =CODE(LEFT(E15))+CODE(MID(E15,3,1))+CODE(RIGHT(E15)) -> 299 | O15: =CODE(LEFT(G15))+CODE(MID(G15,3,1))+CODE(RIGHT(G15)) -> 230 | P15: =CODE(LEFT(L15))+CODE(MID(L15,3,1))+CODE(RIGHT(L15)) -> 236
B16: 15 | C16: =UPPER('XL-Test'!D49) -> STUDIO 4 | D16: ='XL-Test'!F49 -> 76 | E16: ='XL-Test'!G49 -> Couple | F16: ='XL-Test'!H49 -> 2 | G16: =UPPER('XL-Test'!I49) -> KANAN | H16: ='XL-Test'!J49 -> 55000 | I16: ='XL-Test'!K49 -> 84 | J16: ='XL-Test'!L49 -> 0.08 | K16: ='XL-Test'!M49 -> 4250400 | L16: =UPPER(SUBSTITUTE(SUBSTITUTE('XL-Test'!N49,"-","")," ","")) -> TUNAI | M16: =CODE(LEFT(C16))+CODE(MID(C16,3,1))+RIGHT(C16) -> 172 | N16: =CODE(LEFT(E16))+CODE(MID(E16,3,1))+CODE(RIGHT(E16)) -> 285 | O16: =CODE(LEFT(G16))+CODE(MID(G16,3,1))+CODE(RIGHT(G16)) -> 231 | P16: =CODE(LEFT(L16))+CODE(MID(L16,3,1))+CODE(RIGHT(L16)) -> 235
U17: ya
B19: V1 | C19: =M19 -> 3583 | D19: =SUM(D2:D16)+D3+D5+D8+D10+D13+D16 -> 2013 | E19: =N19 -> 5930 | F19: =SUM(F2:F16)+F3+F5+F8+F10+F13+F16 -> 97 | G19: =O19 -> 4842 | H19: =SUM(H2:H16)+H3+H5+H8+H10+H13+H16 -> 871000 | I19: =SUM(I2:I16)+I3+I5+I8+I10+I13+I16 -> 1610 | J19: =(SUM(J2:J16)*100+J3*100+J5*100+J8*100+J10*100+J13*100+J16*100)*123 -> 15744 | K19: =SUM(K2:K16)+K3+K5+K8+K10+K13+K16 -> 62587580 | L19: =P19 -> 4962 | M19: =SUM(M2:M16)+M3+M5+M8+M10+M13+M16 -> 3583 | N19: =SUM(N2:N16)+N3+N5+N8+N10+N13+N16 -> 5930 | O19: =SUM(O2:O16)+O3+O5+O8+O10+O13+O16 -> 4842 | P19: =SUM(P2:P16)+P3+P5+P8+P10+P13+P16 -> 4962
B21: Rnd | C21: 18915 | D21: 8563 | E21: 7861 | F21: 8482 | G21: 2034 | H21: 3713 | I21: 3612 | J21: 5716 | K21: 3632 | L21: 4658 | P21: 1 | Q21: 2 | R21: 3 | S21: 4 | T21: 5 | U21: 6 | V21: 7 | W21: 8 | X21: 9 | Y21: 10
O22: 1 | P22: =LEN(_xlfn.FORMULATEXT('XL-Test'!D35)) -> 137 | Q22: =LEN(_xlfn.FORMULATEXT('XL-Test'!F35)) -> 70 | R22: =LEN(_xlfn.FORMULATEXT('XL-Test'!G35)) -> 189 | S22: =LEN(_xlfn.FORMULATEXT('XL-Test'!H35)) -> 94 | T22: =LEN(_xlfn.FORMULATEXT('XL-Test'!I35)) -> 26 | U22: =LEN(_xlfn.FORMULATEXT('XL-Test'!J35)) -> 51 | V22: =LEN(_xlfn.FORMULATEXT('XL-Test'!K35)) -> 433 | W22: =LEN(_xlfn.FORMULATEXT('XL-Test'!L35)) -> 69 | X22: =LEN(_xlfn.FORMULATEXT('XL-Test'!M35)) -> 22 | Y22: =LEN(_xlfn.FORMULATEXT('XL-Test'!N35)) -> 97
B23: TRUE | C23: =DEC2HEX(LEFT(C21+COLUMN(ABC1),2)) -> 13 | D23: =DEC2HEX(LEFT(D21+COLUMN(ABD1),2)) -> 5C | E23: =DEC2HEX(LEFT(E21+COLUMN(ABE1),2)) -> 55 | F23: =DEC2HEX(LEFT(F21+COLUMN(ABF1),2)) -> 5C | G23: =DEC2HEX(LEFT(G21+COLUMN(ABG1),2)) -> 1B | H23: =DEC2HEX(LEFT(H21+COLUMN(ABH1),2)) -> 2C | I23: =DEC2HEX(LEFT(I21+COLUMN(ABI1),2)) -> 2B | J23: =DEC2HEX(LEFT(J21+COLUMN(ABJ1),2)) -> 40 | ... L23: =DEC2HEX(LEFT(L21+COLUMN(ABL1),2)) -> 35 | O23: 2 | P23: =LEN(_xlfn.FORMULATEXT('XL-Test'!D36)) -> 137 | Q23: =LEN(_xlfn.FORMULATEXT('XL-Test'!F36)) -> 70 | R23: =LEN(_xlfn.FORMULATEXT('XL-Test'!G36)) -> 189 | S23: =LEN(_xlfn.FORMULATEXT('XL-Test'!H36)) -> 94 | T23: =LEN(_xlfn.FORMULATEXT('XL-Test'!I36)) -> 26 | U23: =LEN(_xlfn.FORMULATEXT('XL-Test'!J36)) -> 51 | V23: =LEN(_xlfn.FORMULATEXT('XL-Test'!K36)) -> 433 | W23: =LEN(_xlfn.FORMULATEXT('XL-Test'!L36)) -> 69 | X23: =LEN(_xlfn.FORMULATEXT('XL-Test'!M36)) -> 22 | Y23: =LEN(_xlfn.FORMULATEXT('XL-Test'!N36)) -> 97
B24: FALSE | C24: =DEC2HEX(RIGHT(C21+COLUMN(ABC1),2)) -> 2E | D24: =DEC2HEX(RIGHT(D21+COLUMN(ABD1),2)) -> 5F | E24: =DEC2HEX(RIGHT(E21+COLUMN(ABE1),2)) -> 5E | F24: =DEC2HEX(RIGHT(F21+COLUMN(ABF1),2)) -> 10 | G24: =DEC2HEX(RIGHT(G21+COLUMN(ABG1),2)) -> 45 | H24: =DEC2HEX(RIGHT(H21+COLUMN(ABH1),2)) -> 31 | I24: =DEC2HEX(RIGHT(I21+COLUMN(ABI1),2)) -> 31 | J24: =DEC2HEX(RIGHT(J21+COLUMN(ABJ1),2)) -> 36 | ... L24: =DEC2HEX(RIGHT(L21+COLUMN(ABL1),2)) -> 62 | O24: 3 | P24: =LEN(_xlfn.FORMULATEXT('XL-Test'!D37)) -> 137 | Q24: =LEN(_xlfn.FORMULATEXT('XL-Test'!F37)) -> 70 | R24: =LEN(_xlfn.FORMULATEXT('XL-Test'!G37)) -> 189 | S24: =LEN(_xlfn.FORMULATEXT('XL-Test'!H37)) -> 94 | T24: =LEN(_xlfn.FORMULATEXT('XL-Test'!I37)) -> 26 | U24: =LEN(_xlfn.FORMULATEXT('XL-Test'!J37)) -> 51 | V24: =LEN(_xlfn.FORMULATEXT('XL-Test'!K37)) -> 433 | W24: =LEN(_xlfn.FORMULATEXT('XL-Test'!L37)) -> 69 | X24: =LEN(_xlfn.FORMULATEXT('XL-Test'!M37)) -> 22 | Y24: =LEN(_xlfn.FORMULATEXT('XL-Test'!N37)) -> 97
O25: 4 | P25: =LEN(_xlfn.FORMULATEXT('XL-Test'!D38)) -> 137 | Q25: =LEN(_xlfn.FORMULATEXT('XL-Test'!F38)) -> 70 | R25: =LEN(_xlfn.FORMULATEXT('XL-Test'!G38)) -> 189 | S25: =LEN(_xlfn.FORMULATEXT('XL-Test'!H38)) -> 94 | T25: =LEN(_xlfn.FORMULATEXT('XL-Test'!I38)) -> 26 | U25: =LEN(_xlfn.FORMULATEXT('XL-Test'!J38)) -> 51 | V25: =LEN(_xlfn.FORMULATEXT('XL-Test'!K38)) -> 433 | W25: =LEN(_xlfn.FORMULATEXT('XL-Test'!L38)) -> 69 | X25: =LEN(_xlfn.FORMULATEXT('XL-Test'!M38)) -> 22 | Y25: =LEN(_xlfn.FORMULATEXT('XL-Test'!N38)) -> 97
B26: Cek Kosong | C26: =NOT(OR(C2="",C2=0)) -> TRUE | D26: =NOT(OR(D2="",D2=0)) -> TRUE | E26: =NOT(OR(E2="",E2=0)) -> TRUE | F26: =NOT(OR(F2="",F2=0)) -> TRUE | G26: =NOT(OR(G2="",G2=0)) -> TRUE | H26: =NOT(OR(H2="",H2=0)) -> TRUE | I26: =NOT(OR(I2="",I2=0)) -> TRUE | J26: =NOT(OR(J2="",J2=0)) -> TRUE | ... L26: =NOT(OR(L2="",L2=0)) -> TRUE | O26: 5 | P26: =LEN(_xlfn.FORMULATEXT('XL-Test'!D39)) -> 137 | Q26: =LEN(_xlfn.FORMULATEXT('XL-Test'!F39)) -> 70 | R26: =LEN(_xlfn.FORMULATEXT('XL-Test'!G39)) -> 189 | S26: =LEN(_xlfn.FORMULATEXT('XL-Test'!H39)) -> 94 | T26: =LEN(_xlfn.FORMULATEXT('XL-Test'!I39)) -> 26 | U26: =LEN(_xlfn.FORMULATEXT('XL-Test'!J39)) -> 51 | V26: =LEN(_xlfn.FORMULATEXT('XL-Test'!K39)) -> 433 | W26: =LEN(_xlfn.FORMULATEXT('XL-Test'!L39)) -> 69 | X26: =LEN(_xlfn.FORMULATEXT('XL-Test'!M39)) -> 22 | Y26: =LEN(_xlfn.FORMULATEXT('XL-Test'!N39)) -> 97
B27: Cek Manual | C27: =AND(ISNUMBER(FIND("=",S2)),ISNUMBER(FIND("(",S2))) -> TRUE | D27: =AND(ISNUMBER(FIND("=",T2)),ISNUMBER(FIND("(",T2))) -> TRUE | E27: =AND(ISNUMBER(FIND("=",U2)),ISNUMBER(FIND("(",U2))) -> TRUE | F27: =AND(ISNUMBER(FIND("=",V2)),ISNUMBER(FIND("(",V2))) -> TRUE | G27: =AND(ISNUMBER(FIND("=",W2)),ISNUMBER(FIND("(",W2))) -> TRUE | H27: =AND(ISNUMBER(FIND("=",X2)),ISNUMBER(FIND("(",X2))) -> TRUE | I27: =AND(ISNUMBER(FIND("=",Y2)),ISNUMBER(FIND("(",Y2))) -> TRUE | J27: =AND(ISNUMBER(FIND("=",Z2)),ISNUMBER(FIND("(",Z2))) -> TRUE | K27: =AND(ISNUMBER(FIND("=",AA2))) -> TRUE | L27: =AND(ISNUMBER(FIND("=",AB2)),ISNUMBER(FIND("(",AB2))) -> TRUE | O27: 6 | P27: =LEN(_xlfn.FORMULATEXT('XL-Test'!D40)) -> 137 | Q27: =LEN(_xlfn.FORMULATEXT('XL-Test'!F40)) -> 70 | R27: =LEN(_xlfn.FORMULATEXT('XL-Test'!G40)) -> 189 | S27: =LEN(_xlfn.FORMULATEXT('XL-Test'!H40)) -> 94 | T27: =LEN(_xlfn.FORMULATEXT('XL-Test'!I40)) -> 26 | U27: =LEN(_xlfn.FORMULATEXT('XL-Test'!J40)) -> 51 | V27: =LEN(_xlfn.FORMULATEXT('XL-Test'!K40)) -> 433 | W27: =LEN(_xlfn.FORMULATEXT('XL-Test'!L40)) -> 69 | X27: =LEN(_xlfn.FORMULATEXT('XL-Test'!M40)) -> 22 | Y27: =LEN(_xlfn.FORMULATEXT('XL-Test'!N40)) -> 97
B28: Cek Drag | C28: =IFERROR(OR(P38,P40),FALSE) -> TRUE | D28: =IFERROR(OR(Q38,Q40),FALSE) -> TRUE | E28: =IFERROR(OR(R38,R40),FALSE) -> TRUE | F28: =IFERROR(OR(S38,S40),FALSE) -> TRUE | G28: =IFERROR(OR(T38,T40),FALSE) -> TRUE | H28: =IFERROR(OR(U38,U40),FALSE) -> TRUE | I28: =IFERROR(OR(V38,V40),FALSE) -> TRUE | J28: =IFERROR(OR(W38,W40),FALSE) -> TRUE | ... L28: =IFERROR(OR(Y38,Y40),FALSE) -> TRUE | O28: 7 | P28: =LEN(_xlfn.FORMULATEXT('XL-Test'!D41)) -> 137 | Q28: =LEN(_xlfn.FORMULATEXT('XL-Test'!F41)) -> 70 | R28: =LEN(_xlfn.FORMULATEXT('XL-Test'!G41)) -> 189 | S28: =LEN(_xlfn.FORMULATEXT('XL-Test'!H41)) -> 94 | T28: =LEN(_xlfn.FORMULATEXT('XL-Test'!I41)) -> 26 | U28: =LEN(_xlfn.FORMULATEXT('XL-Test'!J41)) -> 51 | V28: =LEN(_xlfn.FORMULATEXT('XL-Test'!K41)) -> 433 | W28: =LEN(_xlfn.FORMULATEXT('XL-Test'!L41)) -> 69 | X28: =LEN(_xlfn.FORMULATEXT('XL-Test'!M41)) -> 22 | Y28: =LEN(_xlfn.FORMULATEXT('XL-Test'!N41)) -> 97
O29: 8 | P29: =LEN(_xlfn.FORMULATEXT('XL-Test'!D42)) -> 137 | Q29: =LEN(_xlfn.FORMULATEXT('XL-Test'!F42)) -> 70 | R29: =LEN(_xlfn.FORMULATEXT('XL-Test'!G42)) -> 189 | S29: =LEN(_xlfn.FORMULATEXT('XL-Test'!H42)) -> 94 | T29: =LEN(_xlfn.FORMULATEXT('XL-Test'!I42)) -> 26 | U29: =LEN(_xlfn.FORMULATEXT('XL-Test'!J42)) -> 51 | V29: =LEN(_xlfn.FORMULATEXT('XL-Test'!K42)) -> 433 | W29: =LEN(_xlfn.FORMULATEXT('XL-Test'!L42)) -> 69 | X29: =LEN(_xlfn.FORMULATEXT('XL-Test'!M42)) -> 22 | Y29: =LEN(_xlfn.FORMULATEXT('XL-Test'!N42)) -> 97
B30: Cek Formula | C30: =ISNUMBER(FIND("MID",S2)) -> FALSE | D30: =OR(ISNUMBER(FIND("IMAGI",T2)),ISNUMBER(FIND("TIMEV",T2))) -> TRUE | E30: =AND(ISNUMBER(FIND("HLO",U2)),ISNUMBER(FIND("MID",U2))) -> FALSE | F30: =AND(ISNUMBER(FIND("COD",V2)),ISNUMBER(FIND("MID",V2))) -> FALSE | G30: =AND(ISNUMBER(FIND("IF",W2)),ISNUMBER(FIND("MID",W2))) -> FALSE | H30: =AND(ISNUMBER(FIND("LOOK",X2)),ISNUMBER(FIND("LEF",X2))) -> TRUE | I30: =AND(ISNUMBER(FIND("ARAB",Y2)),ISNUMBER(FIND("MID",Y2))) -> FALSE | J30: =AND(ISNUMBER(FIND("HLO",Z2)),ISNUMBER(FIND("MID",Z2))) -> FALSE | K30: =AND(ISNUMBER(FIND("*",AA2)),ISNUMBER(FIND("-",AA2))) -> TRUE | L30: =OR(AND(ISNUMBER(FIND("IF",AB2)),ISNUMBER(FIND("MID",AB2))),AND(ISNUMBER(FIND("SW",AB2)),ISNUMBER(FIND("MID",AB2)))) -> TRUE | O30: 9 | P30: =LEN(_xlfn.FORMULATEXT('XL-Test'!D43)) -> 137 | Q30: =LEN(_xlfn.FORMULATEXT('XL-Test'!F43)) -> 70 | R30: =LEN(_xlfn.FORMULATEXT('XL-Test'!G43)) -> 189 | S30: =LEN(_xlfn.FORMULATEXT('XL-Test'!H43)) -> 94 | T30: =LEN(_xlfn.FORMULATEXT('XL-Test'!I43)) -> 26 | U30: =LEN(_xlfn.FORMULATEXT('XL-Test'!J43)) -> 51 | V30: =LEN(_xlfn.FORMULATEXT('XL-Test'!K43)) -> 433 | W30: =LEN(_xlfn.FORMULATEXT('XL-Test'!L43)) -> 69 | X30: =LEN(_xlfn.FORMULATEXT('XL-Test'!M43)) -> 22 | Y30: =LEN(_xlfn.FORMULATEXT('XL-Test'!N43)) -> 97
B31: Cek Kurung | C31: =IFERROR(LEN(S2)-LEN(SUBSTITUTE(S2,"(","")),99) -> 8 | D31: =IFERROR(LEN(T2)-LEN(SUBSTITUTE(T2,"(","")),99) -> 6 | E31: =IFERROR(LEN(U2)-LEN(SUBSTITUTE(U2,"(","")),99) -> 12 | F31: =IFERROR(LEN(V2)-LEN(SUBSTITUTE(V2,"(","")),99) -> 7 | G31: =IFERROR(LEN(W2)-LEN(SUBSTITUTE(W2,"(","")),99) -> 1 | H31: =IFERROR(LEN(X2)-LEN(SUBSTITUTE(X2,"(","")),99) -> 3 | I31: =IFERROR(LEN(Y2)-LEN(SUBSTITUTE(Y2,"(","")),99) -> 32 | J31: =IFERROR(LEN(Z2)-LEN(SUBSTITUTE(Z2,"(","")),99) -> 1 | ... L31: =IFERROR(LEN(AB2)-LEN(SUBSTITUTE(AB2,"(","")),99) -> 6 | O31: 10 | P31: =LEN(_xlfn.FORMULATEXT('XL-Test'!D44)) -> 137 | Q31: =LEN(_xlfn.FORMULATEXT('XL-Test'!F44)) -> 70 | R31: =LEN(_xlfn.FORMULATEXT('XL-Test'!G44)) -> 189 | S31: =LEN(_xlfn.FORMULATEXT('XL-Test'!H44)) -> 94 | T31: =LEN(_xlfn.FORMULATEXT('XL-Test'!I44)) -> 26 | U31: =LEN(_xlfn.FORMULATEXT('XL-Test'!J44)) -> 51 | V31: =LEN(_xlfn.FORMULATEXT('XL-Test'!K44)) -> 433 | W31: =LEN(_xlfn.FORMULATEXT('XL-Test'!L44)) -> 69 | X31: =LEN(_xlfn.FORMULATEXT('XL-Test'!M44)) -> 22 | Y31: =LEN(_xlfn.FORMULATEXT('XL-Test'!N44)) -> 97
C32: 1 | D32: 3 | E32: 2 | F32: 4 | G32: 2 | H32: 3 | I32: 2 | J32: 2 | K32: 1 | L32: 4 | O32: 11 | P32: =LEN(_xlfn.FORMULATEXT('XL-Test'!D45)) -> 137 | Q32: =LEN(_xlfn.FORMULATEXT('XL-Test'!F45)) -> 70 | R32: =LEN(_xlfn.FORMULATEXT('XL-Test'!G45)) -> 189 | S32: =LEN(_xlfn.FORMULATEXT('XL-Test'!H45)) -> 94 | T32: =LEN(_xlfn.FORMULATEXT('XL-Test'!I45)) -> 26 | U32: =LEN(_xlfn.FORMULATEXT('XL-Test'!J45)) -> 51 | V32: =LEN(_xlfn.FORMULATEXT('XL-Test'!K45)) -> 433 | W32: =LEN(_xlfn.FORMULATEXT('XL-Test'!L45)) -> 69 | X32: =LEN(_xlfn.FORMULATEXT('XL-Test'!M45)) -> 22 | Y32: =LEN(_xlfn.FORMULATEXT('XL-Test'!N45)) -> 97
C33: =C31<=C32 -> FALSE | D33: =D31<=D32 -> FALSE | E33: =E31<=E32 -> FALSE | F33: =F31<=F32 -> FALSE | G33: =G31<=G32 -> TRUE | H33: =H31<=H32 -> TRUE | I33: =I31<=I32 -> FALSE | J33: =J31<=J32 -> TRUE | ... L33: =L31<=L32 -> FALSE | O33: 12 | P33: =LEN(_xlfn.FORMULATEXT('XL-Test'!D46)) -> 137 | Q33: =LEN(_xlfn.FORMULATEXT('XL-Test'!F46)) -> 70 | R33: =LEN(_xlfn.FORMULATEXT('XL-Test'!G46)) -> 189 | S33: =LEN(_xlfn.FORMULATEXT('XL-Test'!H46)) -> 94 | T33: =LEN(_xlfn.FORMULATEXT('XL-Test'!I46)) -> 26 | U33: =LEN(_xlfn.FORMULATEXT('XL-Test'!J46)) -> 51 | V33: =LEN(_xlfn.FORMULATEXT('XL-Test'!K46)) -> 433 | W33: =LEN(_xlfn.FORMULATEXT('XL-Test'!L46)) -> 69 | X33: =LEN(_xlfn.FORMULATEXT('XL-Test'!M46)) -> 22 | Y33: =LEN(_xlfn.FORMULATEXT('XL-Test'!N46)) -> 97
O34: 13 | P34: =LEN(_xlfn.FORMULATEXT('XL-Test'!D47)) -> 137 | Q34: =LEN(_xlfn.FORMULATEXT('XL-Test'!F47)) -> 70 | R34: =LEN(_xlfn.FORMULATEXT('XL-Test'!G47)) -> 189 | S34: =LEN(_xlfn.FORMULATEXT('XL-Test'!H47)) -> 94 | T34: =LEN(_xlfn.FORMULATEXT('XL-Test'!I47)) -> 26 | U34: =LEN(_xlfn.FORMULATEXT('XL-Test'!J47)) -> 51 | V34: =LEN(_xlfn.FORMULATEXT('XL-Test'!K47)) -> 433 | W34: =LEN(_xlfn.FORMULATEXT('XL-Test'!L47)) -> 69 | X34: =LEN(_xlfn.FORMULATEXT('XL-Test'!M47)) -> 22 | Y34: =LEN(_xlfn.FORMULATEXT('XL-Test'!N47)) -> 97
B35: N** | C35: =IFERROR(DEC2HEX(IF(AND(C26:C28),C19,C21)),"EEE") -> DFF | D35: =IFERROR(DEC2HEX(IF(AND(D26:D28),D19,D21)),"EEE") -> 7DD | E35: =IFERROR(DEC2HEX(IF(AND(E26:E28),E19,E21)),"EEE") -> 172A | F35: =IFERROR(DEC2HEX(IF(AND(F26:F28),F19,F21)),"EEE") -> 61 | G35: =IFERROR(DEC2HEX(IF(AND(G26:G28),G19,G21)),"EEE") -> 12EA | H35: =IFERROR(DEC2HEX(IF(AND(H26:H28),H19,H21)),"EEE") -> D4A58 | I35: =IFERROR(DEC2HEX(IF(AND(I26:I28),I19,I21)),"EEE") -> 64A | J35: =IFERROR(DEC2HEX(IF(AND(J26:J28),J19,J21)),"EEE") -> 3D80 | ... L35: =IFERROR(DEC2HEX(IF(AND(L26:L28),L19,L21)),"EEE") -> 1362 | O35: 14 | P35: =LEN(_xlfn.FORMULATEXT('XL-Test'!D48)) -> 137 | Q35: =LEN(_xlfn.FORMULATEXT('XL-Test'!F48)) -> 70 | R35: =LEN(_xlfn.FORMULATEXT('XL-Test'!G48)) -> 189 | S35: =LEN(_xlfn.FORMULATEXT('XL-Test'!H48)) -> 94 | T35: =LEN(_xlfn.FORMULATEXT('XL-Test'!I48)) -> 26 | U35: =LEN(_xlfn.FORMULATEXT('XL-Test'!J48)) -> 51 | V35: =LEN(_xlfn.FORMULATEXT('XL-Test'!K48)) -> 433 | W35: =LEN(_xlfn.FORMULATEXT('XL-Test'!L48)) -> 69 | X35: =LEN(_xlfn.FORMULATEXT('XL-Test'!M48)) -> 22 | Y35: =LEN(_xlfn.FORMULATEXT('XL-Test'!N48)) -> 97
B36: V** | C36: =IF(AND(C33,C30),C23,C24) -> 2E | D36: =IF(AND(D33,D30),D23,D24) -> 5F | E36: =IF(AND(E33,E30),E23,E24) -> 5E | F36: =IF(AND(F33,F30),F23,F24) -> 10 | G36: =IF(AND(G33,G30),G23,G24) -> 45 | H36: =IF(AND(H33,H30),H23,H24) -> 2C | I36: =IF(AND(I33,I30),I23,I24) -> 31 | J36: =IF(AND(J33,J30),J23,J24) -> 36 | ... L36: =IF(AND(L33,L30),L23,L24) -> 62 | O36: 15 | P36: =LEN(_xlfn.FORMULATEXT('XL-Test'!D49)) -> 137 | Q36: =LEN(_xlfn.FORMULATEXT('XL-Test'!F49)) -> 70 | R36: =LEN(_xlfn.FORMULATEXT('XL-Test'!G49)) -> 189 | S36: =LEN(_xlfn.FORMULATEXT('XL-Test'!H49)) -> 94 | T36: =LEN(_xlfn.FORMULATEXT('XL-Test'!I49)) -> 26 | U36: =LEN(_xlfn.FORMULATEXT('XL-Test'!J49)) -> 51 | V36: =LEN(_xlfn.FORMULATEXT('XL-Test'!K49)) -> 433 | W36: =LEN(_xlfn.FORMULATEXT('XL-Test'!L49)) -> 69 | X36: =LEN(_xlfn.FORMULATEXT('XL-Test'!M49)) -> 22 | Y36: =LEN(_xlfn.FORMULATEXT('XL-Test'!N49)) -> 97
C38: =C36&"-"&C35&";" -> 2E-DFF; | D38: =D36&"-"&D35&";" -> 5F-7DD; | E38: =E36&"-"&E35&";" -> 5E-172A; | F38: =F36&"-"&F35&";" -> 10-61; | G38: =G36&"-"&G35&";" -> 45-12EA; | H38: =H36&"-"&H35&";" -> 2C-D4A58; | I38: =I36&"-"&I35&";" -> 31-64A; | J38: =J36&"-"&J35&";" -> 36-3D80; | K38: =K36&"-"&K35&";" -> 2B-3BB02BC; | L38: =L36&"-"&L35 -> 62-1362 | O38: N | P38: =AVERAGE(P22:P36)=P22 -> TRUE | Q38: =AVERAGE(Q22:Q36)=Q22 -> TRUE | R38: =AVERAGE(R22:R36)=R22 -> TRUE | S38: =AVERAGE(S22:S36)=S22 -> TRUE | T38: =AVERAGE(T22:T36)=T22 -> TRUE | U38: =AVERAGE(U22:U36)=U22 -> TRUE | V38: =AVERAGE(V22:V36)=V22 -> TRUE | W38: =AVERAGE(W22:W36)=W22 -> TRUE | ... Y38: =AVERAGE(Y22:Y36)=Y22 -> TRUE
C40: =A2&"|"&C38&D38&E38&F38&G38&H38&I38&J38&K38&L38 -> MN2|2E-DFF;5F-7DD;5E-172A;10-61;45-12EA;2C-D4A58;31-64A;36-3D80;2B-3BB02BC;62-1362 | O40: Arr | P40: =IF(P22>0,P26=0,C6>0) -> FALSE | Q40: =IF(Q22>0,Q26=0,D6>0) -> FALSE | R40: =IF(R22>0,R26=0,E6>0) -> FALSE | S40: =IF(S22>0,S26=0,F6>0) -> FALSE | T40: =IF(T22>0,T26=0,G6>0) -> FALSE | U40: =IF(U22>0,U26=0,H6>0) -> FALSE | V40: =IF(V22>0,V26=0,I6>0) -> FALSE | W40: =IF(W22>0,W26=0,J6>0) -> FALSE | ... Y40: =IF(Y22>0,Y26=0,L6>0) -> FALSE
C43: {=INDIRECT(O47&U17&Y44)} -> MN2|2E-DFF;5F-7DD;5E-172A;10-61;45-12EA;2C-D4A58;31-64A;36-3D80;2B-3BB02BC;62-1362
Y44: jo
C45: =C43 -> MN2|2E-DFF;5F-7DD;5E-172A;10-61;45-12EA;2C-D4A58;31-64A;36-3D80;2B-3BB02BC;62-1362
O47: sa

Sheet About
